Job Title,URL
Data Analyst,/job/71826676?type=promoted&ref=search-standalone
Data Analyst,/job/71667227?type=promoted&ref=search-standalone
Data Lead,/job/71795985?type=standout&ref=search-standalone
Senior Data Scientist,/job/71662757?type=standout&ref=search-standalone
Data Engineer,/job/71836109?type=standard&ref=search-standalone
Data Analyst,/job/71900411?type=standout&ref=search-standalone
Data and Analytics Lead,/job/71924011?type=standout&ref=search-standalone
Principal HR Data Analyst,/job/71900279?type=standout&ref=search-standalone
Data Engineer - Investment Resilience & Planning,/job/71795754?type=standout&ref=search-standalone
Data and Insights Analyst,/job/71843786?type=standout&ref=search-standalone
Analytics and Decision Solutions Regional Lead,/job/71793871?type=standout&ref=search-standalone
Data Engineer,/job/71852106?type=standout&ref=search-standalone
Safety Data & Insights Lead,/job/71751080?type=standout&ref=search-standalone
Entry Data Analyst - Principal Analyst ( Multiple positions) APS4/APS5/APS6/EL1,/job/71703403?type=standout&ref=search-standalone
Manager - Data and Analytics,/job/71860315?type=standout&ref=search-standalone
Data & Business Insights Coordinator / Anaylst,/job/71850741?type=standout&ref=search-standalone
Machine Learning Engineer,/job/71723437?type=standout&ref=search-standalone
Data Analyst,/job/71720249?type=standout&ref=search-standalone
Analytics and Decision Solutions Regional Lead,/job/71748426?type=standout&ref=search-standalone
Data Engineer,/job/71729940?type=standout&ref=search-standalone
Data Engineer,/job/71674876?type=standout&ref=search-standalone
FDM Group - Cloud & Data Engineering Graduate Program,/job/71555288?type=standout&ref=search-standalone
Data Analyst,/job/71667227?type=promoted&ref=search-standalone
Teacher Aide - Mathematics/Science,/job/71902198?type=promoted&ref=search-standalone
Data Technology Champion,/job/71817929?type=standard&ref=search-standalone
Data Engineer,/job/71856513?type=standard&ref=search-standalone
Manager Data Analytics & Reporting,/job/71846564?type=standout&ref=search-standalone
Statistician (Health Data),/job/71589317?type=standout&ref=search-standalone
Senior Data Engineer - 3 month contract initially,/job/71905401?type=standard&ref=search-standalone
Performance Solutions Manager - Data and Systems,/job/71703824?type=standout&ref=search-standalone
Data Analyst,/job/71826676?type=standout&ref=search-standalone
Senior Data Modeller,/job/71690054?type=standout&ref=search-standalone
Graduate SQL Consultant,/job/71816136?type=standard&ref=search-standalone
Principal Analyst,/job/71749384?type=standout&ref=search-standalone
Senior Data Analyst,/job/71824401?type=standout&ref=search-standalone
Senior Data Engineer,/job/71803670?type=standout&ref=search-standalone
Senior Data Engineer - DATABRICKS,/job/71827060?type=standout&ref=search-standalone
Data Analyst,/job/71632587?type=standard&ref=search-standalone
Analyst or Senior Analyst - Data Engineering,/job/71431110?type=standout&ref=search-standalone
Business Intelligence and Analytics Officer,/job/71856708?type=standout&ref=search-standalone
Software Consultant (Data Analytics),/job/71251866?type=standout&ref=search-standalone
Data Analyst – Mid or Senior Level,/job/71809991?type=standout&ref=search-standalone
Analytics Developer,/job/71492371?type=standout&ref=search-standalone
Senior Analyst,/job/71672698?type=standout&ref=search-standalone
Physics and Science Teacher,/job/71802861?type=promoted&ref=search-standalone
Accounts Assistant,/job/71831272?type=promoted&ref=search-standalone
Workforce Analytics Specialist,/job/71670372?type=standout&ref=search-standalone
Senior Consultant – Data Analysis – Management Consulting,/job/71569631?type=standout&ref=search-standalone
Research Data Officer,/job/71563567?type=standout&ref=search-standalone
Data & Integration Manager,/job/71599891?type=standout&ref=search-standalone
Workforce Data Analyst,/job/71875028?type=standout&ref=search-standalone
Principal Consultant,/job/71331226?type=standout&ref=search-standalone
Senior Databricks Engineer,/job/71816449?type=standout&ref=search-standalone
Senior Data Modeller - Data Vault/Kimball,/job/71423519?type=standard&ref=search-standalone
Insurance Insights Analyst,/job/71676292?type=standout&ref=search-standalone
Spatial and Data Analyst,/job/71600123?type=standout&ref=search-standalone
Lecturer/ Senior Lecturer in Information Systems,/job/71634614?type=standout&ref=search-standalone
Data Engineer - IBM MDM,/job/71421421?type=standout&ref=search-standalone
Data Analyst,/job/71334331?type=standard&ref=search-standalone
FaBA Research Fellow - Data Analytics,/job/71641509?type=standout&ref=search-standalone
"Senior Advisor, Workforce Strategy & Data",/job/71701756?type=standout&ref=search-standalone
ICT  - Senior Data Engineer,/job/71558126?type=standout&ref=search-standalone
Senior Data Engineer,/job/71540981?type=standard&ref=search-standalone
Data and Reporting Officer (Full-time 12-month contract),/job/71702331?type=standout&ref=search-standalone
"ASD4, 5 & 6 - SIGINT Analysts",/job/71724661?type=standout&ref=search-standalone
CSIRO Postdoctoral Fellowship in Mosquito Population Modelling,/job/71905319?type=standout&ref=search-standalone
Science + English & Humanities Teacher,/job/71656247?type=promoted&ref=search-standalone
Animal Technician - Toxicology,/job/71585003?type=promoted&ref=search-standalone
Senior Data Engineer,/job/71538199?type=standout&ref=search-standalone
Data Visualiser - ASAP Start,/job/71294839?type=standard&ref=search-standalone
Senior Traffic Modeller,/job/71463120?type=standout&ref=search-standalone
Data Engineering Lead,/job/70831510?type=standout&ref=search-standalone
Data Analyst (Engineering and Maintenance),/job/71610633?type=standout&ref=search-standalone
Senior Scrum Master -  Core Data Platforms,/job/71792178?type=standout&ref=search-standalone
"Data, Quality and Reporting Officer",/job/71719579?type=standout&ref=search-standalone
Pricing Assurance Analyst,/job/71861643?type=standout&ref=search-standalone
Technical Business Analyst,/job/71858805?type=standout&ref=search-standalone
Senior Planning Officer (Research Analyst),/job/71794113?type=standout&ref=search-standalone
Sr Modeller - IFRS9 - Tier 1 Bank,/job/71883977?type=standard&ref=search-standalone
Data Lead,/job/71826484?type=standout&ref=search-standalone
Information Architect,/job/71915633?type=standout&ref=search-standalone
Simulation Consultant,/job/71587234?type=standout&ref=search-standalone
Data Analyst,/job/71667227?type=standout&ref=search-standalone
Data Policy Lead,/job/71631535?type=standout&ref=search-standalone
Actuarial Analyst,/job/71816533?type=standout&ref=search-standalone
Consumer Portfolio Analyst,/job/71759673?type=standout&ref=search-standalone
Legal Technology Analyst,/job/71718830?type=standout&ref=search-standalone
Senior Quantitative Risk Analyst,/job/71597594?type=standout&ref=search-standalone
Safe and Connected Futures Senior Practitioner,/job/71914545?type=promoted&ref=search-standalone
Farm Systems Agronomist – Soil Carbon,/job/71294885?type=promoted&ref=search-standalone
Spatial Scientist,/job/71554370?type=standout&ref=search-standalone
Senior Data Analyst,/job/71306829?type=standout&ref=search-standalone
Master Data Consultant,/job/71657259?type=standard&ref=search-standalone
Senior Business Intelligence Data Specialist,/job/71637967?type=standout&ref=search-standalone
Data and Business Intelligence Team Lead,/job/71324587?type=standout&ref=search-standalone
Data & Reporting Lead,/job/71909254?type=standout&ref=search-standalone
Assessor - Big Data,/job/69652171?type=standout&ref=search-standalone
Spatial Analyst,/job/71900652?type=standout&ref=search-standalone
Graduate  - Digital,/job/71641464?type=standout&ref=search-standalone
Senior Customer Research and Insights Analyst,/job/71667151?type=standout&ref=search-standalone
Bank Platform Manager - Core Data,/job/71309067?type=standout&ref=search-standalone
Data Analyst - Tableau,/job/71560540?type=standout&ref=search-standalone
CRM and Data Specialist,/job/71324468?type=standout&ref=search-standalone
Senior Quantitative Developer,/job/71466915?type=standard&ref=search-standalone
Functional Analyst,/job/71818311?type=standout&ref=search-standalone
Network Data Officer Zone Substations,/job/71641152?type=standout&ref=search-standalone
Network Data Officer,/job/71564931?type=standout&ref=search-standalone
Geomatics Systems Specialist,/job/71723310?type=standout&ref=search-standalone
Tableau Developer,/job/71746264?type=standard&ref=search-standalone
"ASD 4, 5, 6 & EL1 Mandarin Linguist",/job/71723948?type=standout&ref=search-standalone
Policy Officer,/job/71473539?type=promoted&ref=search-standalone
Ecology Research Officer,/job/71330768?type=promoted&ref=search-standalone
Research Fellow,/job/71723516?type=standout&ref=search-standalone
Digital Analytics Specialist,/job/71635321?type=standout&ref=search-standalone
Senior Process Analyst,/job/71597286?type=standout&ref=search-standalone
"Manager, Applications (Permanent)",/job/71296561?type=standout&ref=search-standalone
Manager - Demand Forecasting,/job/71432857?type=standout&ref=search-standalone
Data Architect,/job/71434211?type=standout&ref=search-standalone
Postdoctoral Researcher - Microbial Bioinformatics,/job/71396031?type=standout&ref=search-standalone
Australian Research Council (ARC) PhD Scholarship,/job/71723058?type=standout&ref=search-standalone
Senior Credit Risk Modeller,/job/71250325?type=standard&ref=search-standalone
Postdoctoral Research Fellow - Genomic Prediction,/job/71565073?type=standout&ref=search-standalone
Secondary Teacher (Digital Solutions & Junior Mathematics or Science),/job/71884319?type=standout&ref=search-standalone
Conjoint Research Fellow/Senior Research Fellow - Physiotherapy,/job/71352048?type=standout&ref=search-standalone
Economics and/or Business Teacher,/job/71335752?type=standard&ref=search-standalone
Geospatial Coordinator - Expression of Interest,/job/71506584?type=standard&ref=search-standalone
Performance Analyst,/job/71591297?type=standout&ref=search-standalone
BI / Data Engineer,/job/71757594?type=standard&ref=search-standalone
Science Technician (Plant Pathology),/job/71833826?type=standard&ref=search-standalone
Science Technician,/job/71871806?type=standout&ref=search-standalone
Teacher Aide - Mathematics/Science,/job/71902198?type=standout&ref=search-standalone
Credit & Reporting Analyst,/job/71746083?type=standout&ref=search-standalone
"Lead Developer - Brisbane, Australia",/job/71765448?type=promoted&ref=search-standalone
Site Hygiene Lead,/job/71429837?type=promoted&ref=search-standalone
Medical Science Liaison,/job/71876031?type=standout&ref=search-standalone
Reporting and Data Analyst,/job/71524447?type=standout&ref=search-standalone
IT Business Analyst - Data Services Program,/job/71401429?type=standout&ref=search-standalone
Data and Reporting Analyst,/job/71561496?type=standout&ref=search-standalone
Physics and Science Teacher,/job/71802861?type=standout&ref=search-standalone
Course Accreditation Project Support Officer,/job/71882944?type=standard&ref=search-standalone
CHC- Science Global Partner Market Regulatory Oversight Lead,/job/71732138?type=standout&ref=search-standalone
Research Fellow/Senior Research Fellow - ISSR,/job/71819245?type=standout&ref=search-standalone
Head of Subject - Digital Solutions and Computer Science | Years 7 - 12,/job/71258999?type=standout&ref=search-standalone
Business Intelligence Developer,/job/71844317?type=standout&ref=search-standalone
Maintenance Data Administrator,/job/71874359?type=standout&ref=search-standalone
Senior Plant Scientist (Molecular Biology),/job/71834064?type=standard&ref=search-standalone
Timetabling Officer (Faculty of Health & Behavioural Sciences),/job/71902919?type=standout&ref=search-standalone
Research Fellow - ISSR,/job/71585654?type=standout&ref=search-standalone
"Policy and Program Officers, APS5 & APS6, Technology & Digital DivisionAU",/job/71815220?type=standout&ref=search-standalone
Research Fellow - ISSR,/job/71528399?type=standout&ref=search-standalone
Bio-based Coatings Scientist,/job/71636523?type=standard&ref=search-standalone
Accounts Assistant,/job/71831272?type=standout&ref=search-standalone
Environmental Scientist/Engineer/Earth Scientist,/job/71529571?type=standout&ref=search-standalone
Senior Scientist - Functional Coatings,/job/71638874?type=standard&ref=search-standalone
Warehouse Supervisor,/job/71463090?type=promoted&ref=search-standalone
Central Laboratory Assistant,/job/71564294?type=promoted&ref=search-standalone
Science + English & Humanities Teacher,/job/71656247?type=standout&ref=search-standalone
Mathematics Teacher,/job/71336579?type=standard&ref=search-standalone
Technical Officer - livestock production,/job/71693204?type=standard&ref=search-standalone
Animal Technician - Toxicology,/job/71585003?type=standout&ref=search-standalone
Operations & Systems Officer,/job/71859309?type=standout&ref=search-standalone
Senior Bioprocess Scientist - USP,/job/71395676?type=standard&ref=search-standalone
Senior Student Experience Officer,/job/71719307?type=standout&ref=search-standalone
Postdoctoral Research Fellow,/job/71916541?type=standout&ref=search-standalone
Senior Database Administration & Reporting Analyst,/job/71857500?type=standout&ref=search-standalone
Senior Database Administration & Reporting Analyst,/job/71857501?type=standout&ref=search-standalone
Program Manager,/job/71629240?type=standout&ref=search-standalone
Senior Software Engineer- ISV,/job/71899795?type=standout&ref=search-standalone
Laboratory Technician,/job/71267308?type=standard&ref=search-standalone
Laboratory Technician,/job/71746326?type=standout&ref=search-standalone
GIS Intermediate or above (ArcGis),/job/71815233?type=standard&ref=search-standalone
Database Administrator - Rollingstock,/job/71903933?type=standout&ref=search-standalone
"Senior QC Team Leader, Physiochemistry & Raw Materials",/job/71405455?type=standard&ref=search-standalone
Geomatics Specialist,/job/71723493?type=standout&ref=search-standalone
EL1 Assistant Director,/job/71731732?type=standout&ref=search-standalone
APS6 Senior Policy Officer,/job/71731689?type=standout&ref=search-standalone
Scheduler,/job/71486976?type=promoted&ref=search-standalone
Head Agronomist,/job/71284716?type=promoted&ref=search-standalone
Laboratory Scientists (Bowel Cancer Screening),/job/71718827?type=standard&ref=search-standalone
Molecular Biologist,/job/71845428?type=standout&ref=search-standalone
Agricultural Consultant,/job/71749853?type=standard&ref=search-standalone
Plant Pathologist,/job/71845616?type=standout&ref=search-standalone
Assistant Manager- Digital Forensic Incident Response,/job/71874605?type=standout&ref=search-standalone
AEMS Leads,/job/71806696?type=standard&ref=search-standalone
Senior Financial Accountant,/job/71829040?type=standard&ref=search-standalone
Soil Carbon Project Manager,/job/71722532?type=standout&ref=search-standalone
Sustainability Manager - Operations,/job/71793776?type=standard&ref=search-standalone
Associate - Talent Acceleration Program,/job/71731124?type=standout&ref=search-standalone
Signaller / Senior ICT Technician,/job/71920728?type=standout&ref=search-standalone
Technical Officer,/job/71797214?type=standout&ref=search-standalone
Environmental Field Technician - Water Industry,/job/71628352?type=standout&ref=search-standalone
APS 6 Policy/Regulatory Officer (Various Roles),/job/71565758?type=standout&ref=search-standalone
Process Engineering Specialist,/job/71721735?type=standout&ref=search-standalone
Workday Technical Analyst,/job/71689258?type=standout&ref=search-standalone
Integrations Platform Administrator,/job/71629564?type=standout&ref=search-standalone
Laboratory Scientists (Bowel Cancer Screening),/job/71475530?type=standard&ref=search-standalone
Senior Surveyors / Project Surveyors/Survey Technicians,/job/71843956?type=standard&ref=search-standalone
Safety and Sustainability Systems Specialist,/job/71605096?type=standard&ref=search-standalone
Lecturer/ Senior Lecturer in Information Systems,/job/71667202?type=standout&ref=search-standalone
Customer Research and Insights Manager,/job/71662012?type=standout&ref=search-standalone
Full Stack Software Engineer,/job/71555868?type=standout&ref=search-standalone
Technology Business Engagement Partner,/job/71802305?type=standout&ref=search-standalone
Service Technical Consultant Sr,/job/71630586?type=standout&ref=search-standalone
Senior Research Engineer,/job/71760441?type=standout&ref=search-standalone
Software Engineer,/job/71901600?type=standout&ref=search-standalone
Youth Support Outreach Worker,/job/71878135?type=standout&ref=search-standalone
IT Team Lead - Hybrid - Up to $130k + super,/job/71525903?type=standard&ref=search-standalone
CRM Specialist,/job/71503575?type=standard&ref=search-standalone
Safe and Connected Futures Senior Practitioner,/job/71914545?type=standout&ref=search-standalone
Environmental Consultant,/job/71794030?type=standard&ref=search-standalone
Head of Engineering,/job/71389620?type=standout&ref=search-standalone
Research Officer - Macrophage Biology,/job/71470917?type=standout&ref=search-standalone
Project Geologist,/job/71670201?type=standout&ref=search-standalone
Domain Architect,/job/71496071?type=standout&ref=search-standalone
"Trainer Assessor, Laboratory Operations",/job/71856340?type=standard&ref=search-standalone
"Engineer, Manufacturing Engineering",/job/71389935?type=standard&ref=search-standalone
GIS officer,/job/71599125?type=standard&ref=search-standalone
Mid/Senior Software Engineer,/job/71660016?type=standard&ref=search-standalone
Reservoir Engineer,/job/71491589?type=standout&ref=search-standalone
Clinical Coding Auditor,/job/71664006?type=standout&ref=search-standalone
EOI - Specialised Cardiac Physiologist's (Cardiac Devices),/job/71732522?type=standout&ref=search-standalone
Senior Developer,/job/71487472?type=standout&ref=search-standalone
Farm Systems Agronomist – Soil Carbon,/job/71294885?type=standout&ref=search-standalone
Policy Officer,/job/71473539?type=standout&ref=search-standalone
Pharmaceutical Sales Manager Qld / Vic,/job/71364998?type=standard&ref=search-standalone
Electronics Engineer - Antarctica,/job/71674458?type=standout&ref=search-standalone
Business Development Manager - Sprayed Concrete,/job/71706855?type=standout&ref=search-standalone
Sustainability Lead,/job/71322824?type=standout&ref=search-standalone
Senior Software Developer D365 CRM,/job/71817199?type=standout&ref=search-standalone
Postdoctoral Research Fellow in Disaster Resilience,/job/71801401?type=standout&ref=search-standalone
Senior Software Developer D365 FinOps,/job/71792656?type=standout&ref=search-standalone
National Account Manager- 12 month FTC,/job/71883192?type=standout&ref=search-standalone
Applications Specialist,/job/71633899?type=standout&ref=search-standalone
Health & Safety Business Partner,/job/71874982?type=standout&ref=search-standalone
"Process Engineer - Ballarat, Victoria",/job/71529631?type=standout&ref=search-standalone
Senior Software Developer,/job/71684176?type=standout&ref=search-standalone
Production Manager,/job/71889039?type=standout&ref=search-standalone
Environmental Manager,/job/71614933?type=standout&ref=search-standalone
Team Leader Innovation and Corporate Strategy,/job/71638949?type=standout&ref=search-standalone
"Centre Manager, ARC Training Centre for Predictive Breeding",/job/71802906?type=standout&ref=search-standalone
Principal Veterinarian  (Aquatic Pathology),/job/71725154?type=standout&ref=search-standalone
HSE Advisor - QLD,/job/71801779?type=standout&ref=search-standalone
Research Officer,/job/71641322?type=standout&ref=search-standalone
MineStar Autonomous Application Specialist,/job/71640334?type=standout&ref=search-standalone
IT Auditor - Information Systems (MANAGER),/job/71499517?type=standard&ref=search-standalone
Commercial Support Specialist - Biochemistry/Haematology,/job/71267131?type=standout&ref=search-standalone
Ecology Research Officer,/job/71330768?type=standout&ref=search-standalone
Sample Receipt Officer (Casual),/job/71921973?type=standout&ref=search-standalone
Engineering Surveyor - High-Rise Projects - Sign-On Bonus + Company Vehicle,/job/71341057?type=standard&ref=search-standalone
Firmware Engineer,/job/71570346?type=standard&ref=search-standalone
Business Systems Analyst - 6-Month Contract,/job/71719595?type=standard&ref=search-standalone
Laboratory Assistant in Specimen Reception,/job/71750864?type=standout&ref=search-standalone
Test & Quality Assurance Manager,/job/71633103?type=standout&ref=search-standalone
Laboratory Technician,/job/71535873?type=standout&ref=search-standalone
Injury Management Advisor,/job/71586233?type=standout&ref=search-standalone
"Lead Developer - Brisbane, Australia",/job/71764299?type=standout&ref=search-standalone
"Lead Developer - Brisbane, Australia",/job/71765448?type=standout&ref=search-standalone
Sample Receipt Officer (Day Shift),/job/71924283?type=standout&ref=search-standalone
Senior QA Officer,/job/71759971?type=standout&ref=search-standalone
Distribution Analyst QLD,/job/71598441?type=standout&ref=search-standalone
Surveyor (Cadastral based),/job/71883043?type=standout&ref=search-standalone
Site Reliability Engineer - Level 3,/job/71462414?type=standard&ref=search-standalone
Laboratory Assistant (Chemistry),/job/71269024?type=standout&ref=search-standalone
Strategy Analyst Decision Support,/job/71749048?type=standout&ref=search-standalone
Intermediate Process Engineer,/job/70530284?type=standout&ref=search-standalone
Administration Assistant,/job/71474511?type=standout&ref=search-standalone
Associate – Natural Capital Offset Supply,/job/71637704?type=standout&ref=search-standalone
Veris Graduate Surveyors 2024 Graduate Program QLD,/job/71460277?type=standout&ref=search-standalone
Product Support Service Engineer,/job/71584898?type=standout&ref=search-standalone
Cloud Deployment Specialist,/job/71503071?type=standout&ref=search-standalone
Supply Chain Specialist,/job/71468789?type=standout&ref=search-standalone
Hazmat & Occupational Hygiene Consultant,/job/71598818?type=standout&ref=search-standalone
Behaviour Support Practitioner,/job/71791357?type=standout&ref=search-standalone
Quality Assistant,/job/71627932?type=standout&ref=search-standalone
Ecologist,/job/71388986?type=standout&ref=search-standalone
Laboratory Technician,/job/71597585?type=standout&ref=search-standalone
St Baker Soyer Chair of Dermatology,/job/71354097?type=standout&ref=search-standalone
Maintenance Carpenter,/job/71888047?type=standout&ref=search-standalone
Regulatory Affairs Team Leader,/job/71339274?type=standout&ref=search-standalone
Sample Receipt Officer,/job/71275399?type=standout&ref=search-standalone
Sample Receipt Officer,/job/71275411?type=standout&ref=search-standalone
Sales Executive | Animal Health,/job/71305651?type=standout&ref=search-standalone
Surveyor/Surveying Technical Officer,/job/71539026?type=standout&ref=search-standalone
Clinical Research Assistant,/job/71600102?type=standard&ref=search-standalone
Cloud Principal Engineer,/job/71366915?type=standout&ref=search-standalone
Site Hygiene Lead,/job/71429837?type=standout&ref=search-standalone
Sustainability Engineer,/job/71598250?type=standout&ref=search-standalone
Environmental Monitoring Consultant,/job/71337191?type=standard&ref=search-standalone
Laboratory Technician,/job/71274455?type=standout&ref=search-standalone
IT Business Analyst,/job/71403226?type=standout&ref=search-standalone
Well Being & Support Coordinator,/job/71435360?type=standard&ref=search-standalone
Environmental Advisor,/job/71298266?type=standout&ref=search-standalone
WH Specialist and GP Rep,/job/71598198?type=standout&ref=search-standalone
Category Strategy & Planning Manager,/job/71391359?type=standout&ref=search-standalone
Postdoctoral Research Fellow - Mech and Mining Engineering,/job/71560657?type=standout&ref=search-standalone
Research Fellow Grade 1 (CH-FIT Trial),/job/71309385?type=standout&ref=search-standalone
Geotechnical Engineer - Tailings & Mine Waste,/job/71700863?type=standout&ref=search-standalone
Senior Geotechnical Consultant - Dams & Tailings,/job/71687823?type=standout&ref=search-standalone
SYSTEM ADMINISTRATOR & TRAINER,/job/71914938?type=standout&ref=search-standalone
Software Engineer,/job/71720442?type=standard&ref=search-standalone
Geotechnical Consultant - Dams & Tailings,/job/71631934?type=standout&ref=search-standalone
Head of Technical Operations and Development,/job/71682677?type=standout&ref=search-standalone
Graduate Engineers – 2024 Intake,/job/71365508?type=standout&ref=search-standalone
Laboratory Manager,/job/71666386?type=standout&ref=search-standalone
Associate Water Resources Engineer,/job/71396225?type=standout&ref=search-standalone
Fire Protection Engineer - Brisbane,/job/71212313?type=standard&ref=search-standalone
IT Support Officer,/job/71300247?type=standard&ref=search-standalone
Manager Sustainability,/job/71379023?type=standout&ref=search-standalone
QUT PhD scholarship in bioinformatics and microbial ecology,/job/71309116?type=standout&ref=search-standalone
Manager Sustainability,/job/71317208?type=standout&ref=search-standalone
Warehouse Supervisor,/job/71463090?type=standout&ref=search-standalone
Central Laboratory Assistant,/job/71564294?type=standout&ref=search-standalone
Clinical Nurse Specialist,/job/71329882?type=standout&ref=search-standalone
Behaviour Support Practitioner,/job/71250065?type=standout&ref=search-standalone
Scheduler,/job/71486976?type=standout&ref=search-standalone
"FaBA Administration Officer, Impact Foundry",/job/71660625?type=standout&ref=search-standalone
Senior Pursuits Specialist,/job/71246912?type=standout&ref=search-standalone
Head Agronomist,/job/71284716?type=standout&ref=search-standalone
"FaBA Graphic Designer, Innovation Pathways",/job/71640633?type=standout&ref=search-standalone
Data and Analytics Lead,/job/71926710?type=standard&ref=search-standalone
Data Analyst,/job/71687191?type=standard&ref=search-standalone
Analyst,/job/71788153?type=standard&ref=search-standalone
Data Analyst - Visualisation,/job/71924924?type=standard&ref=search-standalone
Data Analyst,/job/71414440?type=standard&ref=search-standalone
Payroll Business Data Analyst,/job/71831477?type=standard&ref=search-standalone
Investment Data Governance Lead,/job/71924670?type=standard&ref=search-standalone
Simulation Consultant - Brisbane,/job/71610270?type=standard&ref=search-standalone
Veterinary Laboratory Scientist,/job/71621578?type=standard&ref=search-standalone
Junior Environmental Scientist (Contaminated Land)Hybrid,/job/71384652?type=standard&ref=search-standalone
Geologist,/job/71769911?type=standard&ref=search-standalone
Postdoctoral Researcher - Microbial Bioinformatics,/job/71411164?type=standard&ref=search-standalone
Senior Health Information Manager,/job/71894142?type=standard&ref=search-standalone
Senior Rock Mechanics Engineer,/job/71914038?type=standard&ref=search-standalone
"Manager, Software Development Engineering",/job/71868872?type=standard&ref=search-standalone
Product Owner,/job/71716217?type=standard&ref=search-standalone
Commercial Performance Specialist - Revenue Management,/job/71551800?type=standard&ref=search-standalone
"Software Engineer - South Brisbane, QLD",/job/71919821?type=standard&ref=search-standalone
Senior Project Manager,/job/71826028?type=standard&ref=search-standalone
SAP Finance Functional Consultant,/job/71684054?type=standard&ref=search-standalone
Strategy Analyst,/job/71800022?type=standard&ref=search-standalone
"Power Platform Developer, Digital - Brisbane / Melbourne / Sydney",/job/71774356?type=standard&ref=search-standalone
Senior Public Health Officer,/job/71805138?type=standard&ref=search-standalone
Environmental Officers - BNE - Gen,/job/71507589?type=standard&ref=search-standalone
Hazmat & Occupational Hygiene ConsultantHybrid,/job/71610316?type=standard&ref=search-standalone
Senior Geochemist - East CoastFlexible,/job/71546073?type=standard&ref=search-standalone
Logistics Manager,/job/71868849?type=standard&ref=search-standalone
Health Representative,/job/71729288?type=standard&ref=search-standalone
